Batch_ID,T80
Test-01,40.68514086417037
Test-02,26.176655224365174
Test-03,15.693932292238635
Test-04,17.75375846531539
Test-05,42.64472850177145
Test-06,32.80561154897014
Test-07,28.66632792021172
Test-08,10.378043676727762
Test-09,21.07380519735381